iter	Logloss
0	0.6880699517
5	0.6656222602
10	0.648507671
